task_id,operation,x,y,result
2,sqrt,123733.09449470878,0,351.75715272714609
6,sqrt,128339.35833279189,0,358.24483015500988
9,sqrt,589980.61478197749,0,768.10195598109078
12,sqrt,591640.81818418321,0,769.18191488371804
15,sqrt,111998.35355543974,0,334.66155075753733
17,sqrt,128919.60221527072,0,359.05375950583044
20,sqrt,925543.20063332072,0,962.05155819910226
23,sqrt,101245.00301989104,0,318.1901994403521
27,sqrt,792692.58553309983,0,890.33285097939631
30,sqrt,291860.76206407062,0,540.24139240164732
32,sqrt,891445.3377604431,0,944.16382993654395
35,sqrt,194732.89246518945,0,441.28549994894399
38,sqrt,129554.7955896349,0,359.93721062101218
42,sqrt,489686.33340031584,0,699.77591656209188
45,sqrt,856270.10719478608,0,925.34864088881989
48,sqrt,130867.69650116378,0,361.75640492071977
51,sqrt,564747.13506380003,0,751.4965968411301
54,sqrt,656145.5441486265,0,810.02811318412057
58,sqrt,975026.89084400202,0,987.4344995208553
63,sqrt,651409.66719931294,0,807.09953983341666
66,sqrt,249072.14525528683,0,499.07128273953697
70,sqrt,17538.049614077951,0,132.43130148902844
72,sqrt,605205.52431589214,0,777.94956412089607
75,sqrt,277880.11554250459,0,527.14335388251322
79,sqrt,227415.0802449701,0,476.88057230817248
82,sqrt,549180.81112175214,0,741.06734587468645
86,sqrt,721663.37195800256,0,849.50772330685879
89,sqrt,152812.1410826096,0,390.91193520102399
92,sqrt,315057.88141994976,0,561.30017051480547
95,sqrt,296112.89580654434,0,544.16256376798322
97,sqrt,87195.557522048039,0,295.28893904453656
101,sqrt,398426.33672079851,0,631.21021595091327
105,sqrt,451947.95391971368,0,672.27074450678992
107,sqrt,359503.09497008269,0,599.58576948596999
111,sqrt,947107.5051863119,0,973.19448476977709
114,sqrt,395050.98743846407,0,628.53081661797944
117,sqrt,151278.8669884929,0,388.94584068799719
120,sqrt,297415.82288927742,0,545.35843524170173
123,sqrt,748019.76359304087,0,864.88135810239362
126,sqrt,691432.7701431032,0,831.52436533339369
128,sqrt,277340.48616494733,0,526.63126204674495
132,sqrt,23106.576206959809,0,152.00847412877945
136,sqrt,620573.41722366482,0,787.7648235505726
138,sqrt,358304.67842421867,0,598.58556483114319
143,sqrt,689673.99308644782,0,830.4661300055817
145,sqrt,888635.98134285619,0,942.67490755978872
149,sqrt,3608.104992388216,0,60.067503630400822
152,sqrt,54608.215877688985,0,233.68400860497277
155,sqrt,745638.67397402378,0,863.50371972216988
157,sqrt,986679.04307004274,0,993.31719157077043
160,sqrt,191101.15190311914,0,437.15117740104409
163,sqrt,99514.481586865862,0,315.45915993495237
166,sqrt,341377.27110210742,0,584.27499612948304
169,sqrt,637346.17781835713,0,798.33963813552259
172,sqrt,729744.05095735879,0,854.25057855254556
175,sqrt,332169.99637342594,0,576.34190926343877
178,sqrt,404563.64636148611,0,636.05317887853221
181,sqrt,587025.7312990271,0,766.17604458703033
185,sqrt,733320.56429216545,0,856.34138303142015
187,sqrt,44788.853981393266,0,211.63377325321511
191,sqrt,304689.99391627399,0,551.98731318416549
194,sqrt,243502.44076567443,0,493.45966478089616
198,sqrt,125837.33833093441,0,354.73558932102429
201,sqrt,75915.939203381073,0,275.52847258202024
204,sqrt,200916.13046462298,0,448.23669022584818
207,sqrt,3178.2400907243341,0,56.375882172471002
210,sqrt,361619.14388941147,0,601.34777283150515
214,sqrt,650809.26635549392,0,806.72750440002596
217,sqrt,715325.80567214219,0,845.7693572553585
220,sqrt,587287.72630697372,0,766.34700123832533
224,sqrt,7080.2036771308858,0,84.143946170422069
227,sqrt,494934.8074317195,0,703.51603210710095
230,sqrt,329594.30503038003,0,574.10304391318118
233,sqrt,17332.932437357256,0,131.6545952003091
235,sqrt,421615.83558289468,0,649.3195173278674
238,sqrt,15826.9819780785,0,125.80533366307846
241,sqrt,100643.18268742831,0,317.24309714701172
245,sqrt,233733.52714647571,0,483.45995402564182
249,sqrt,135766.55521464383,0,368.46513432704029
254,sqrt,10199.002529467503,0,100.99011104790164
257,sqrt,777563.4908197464,0,881.79560603336324
261,sqrt,21523.662567612992,0,146.70944948302747
263,sqrt,331430.69235950231,0,575.70017575080021
267,sqrt,180461.23177249401,0,424.80728780529887
270,sqrt,948056.09286358696,0,973.68172051424847
272,sqrt,32406.846636652073,0,180.01901743052613
275,sqrt,434919.5981395634,0,659.48434260379781
279,sqrt,65452.828466492487,0,255.83750402646695
281,sqrt,332735.37561654468,0,576.83219017019553
284,sqrt,26119.387305033852,0,161.61493527837658
288,sqrt,879451.51898604608,0,937.79076503559475
290,sqrt,494065.7699573891,0,702.89812203290819
292,sqrt,752765.39270630898,0,867.62053497269699
295,sqrt,420755.44518757635,0,648.65664660710627
298,sqrt,585147.9350024513,0,764.9496290622352
301,sqrt,847281.77690249472,0,920.47910182822443
303,sqrt,548055.72068974865,0,740.30785534786048
306,sqrt,302065.08369130356,0,549.60447932245199
310,sqrt,45381.837971277062,0,213.03013395122545
312,sqrt,534117.94672854792,0,730.83373398369338
316,sqrt,297487.87827741919,0,545.42449365372215
319,sqrt,218102.41712610715,0,467.01436501044287
322,sqrt,151414.99705033022,0,389.12080007412891
325,sqrt,564613.1232748403,0,751.40742828031739
328,sqrt,866690.11433326523,0,930.96192958319477
331,sqrt,848056.96381976898,0,920.90008351599636
334,sqrt,706829.20094996342,0,840.73134885643663
336,sqrt,50010.449093404721,0,223.63016141255346
341,sqrt,919110.56655667606,0,958.70254331397075
344,sqrt,973146.25424914912,0,986.48175565955046
346,sqrt,866380.48631579312,0,930.79562005619323
348,sqrt,207777.33315815433,0,455.82598999854577
351,sqrt,936817.91082687676,0,967.89354312696844
356,sqrt,87056.972622937421,0,295.05418590987222
359,sqrt,237081.2002283656,0,486.90984815298776
362,sqrt,686972.60784522479,0,828.83810713867683
365,sqrt,702513.02412756544,0,838.16050021911997
368,sqrt,299644.88227528817,0,547.39828486695876
370,sqrt,1743.0991795604791,0,41.750439273862483
372,sqrt,186724.24591203488,0,432.11600978445
374,sqrt,461128.38244859601,0,679.06434337888481
376,sqrt,942039.234890625,0,970.58705683242295
379,sqrt,897349.12275336264,0,947.28513276276146
382,sqrt,334625.50525835884,0,578.46824049238762
386,sqrt,769859.25026595267,0,877.41623546977553
389,sqrt,785001.81220115966,0,886.00328001715638
391,sqrt,626635.71234534448,0,791.60325438021312
395,sqrt,313591.23041553202,0,559.99216995912718
398,sqrt,997955.6048345262,0,998.97727943858968
401,sqrt,174095.74633765972,0,417.24782364640288
406,sqrt,263899.18152286293,0,513.71118493066012
408,sqrt,746493.24336247798,0,863.99840472218352
411,sqrt,767084.95779190387,0,875.83386426416735
413,sqrt,618003.55153797311,0,786.13201915325465
416,sqrt,701976.32571511937,0,837.8402745840757
418,sqrt,419569.26377109799,0,647.74166437793542
421,sqrt,152412.6473848357,0,390.40062421163685
425,sqrt,593590.63156329107,0,770.44833153384855
428,sqrt,908182.38824808679,0,952.98603780332837
430,sqrt,736248.23279205197,0,858.04908530459488
433,sqrt,244205.14009517172,0,494.17116477509262
436,sqrt,143406.10212612615,0,378.68998154971854
439,sqrt,392598.5397173622,0,626.5768426277516
442,sqrt,381387.60245144303,0,617.56586891718928
446,sqrt,841952.30348665826,0,917.579589728683
449,sqrt,366977.75887338328,0,605.78689229248209
451,sqrt,281608.08596900437,0,530.66758518775612
455,sqrt,157603.53668518621,0,396.99311919123511
459,sqrt,89521.629036740487,0,299.20165279747454
462,sqrt,807723.57715703209,0,898.73443082872484
465,sqrt,175053.90424680573,0,418.39443620440954
467,sqrt,43347.073785658387,0,208.19960082972875
470,sqrt,667597.24876706896,0,817.06624502978275
475,sqrt,730069.07389163983,0,854.44079601318185
477,sqrt,953329.74645882705,0,976.38606424857733
480,sqrt,277506.41243149777,0,526.78877401810473
483,sqrt,486948.85077987728,0,697.81720441665618
485,sqrt,660552.1990934835,0,812.74362445575878
488,sqrt,50576.866609718134,0,224.89301147371862
490,sqrt,423892.31731844525,0,651.07013241158995
493,sqrt,233532.25126638563,0,483.25174729780917
496,sqrt,630702.1808539835,0,794.16760249583558
498,sqrt,110408.30715321105,0,332.27745507814859
504,sqrt,128334.94060323059,0,358.23866430527931
509,sqrt,29069.22238290164,0,170.49698643348989
512,sqrt,168364.47151864352,0,410.32239948440974
514,sqrt,262254.29666625994,0,512.10770026065802
516,sqrt,106817.44185151857,0,326.82937727737783
519,sqrt,97842.64577668054,0,312.79809106943179
526,sqrt,424886.20141187863,0,651.8329551440911
528,sqrt,14483.763609595415,0,120.34850896290911
531,sqrt,469211.63620411343,0,684.99024533500722
534,sqrt,666080.55490983417,0,816.13758332148518
537,sqrt,310596.90763551305,0,557.31221737506621
541,sqrt,758091.29338543804,0,870.68438218762026
544,sqrt,710711.91470644705,0,843.03731513287539
547,sqrt,988359.30041869357,0,994.16261266389085
551,sqrt,209965.21766498042,0,458.21961728518392
554,sqrt,78058.162691203528,0,279.38890939191469
557,sqrt,885214.3544752181,0,940.85830733177784
561,sqrt,362334.3262825986,0,601.94212868231659
563,sqrt,355247.98363493767,0,596.02683130454591
566,sqrt,129833.17164763658,0,360.32370397690545
570,sqrt,212076.08824813389,0,460.51719647384925
574,sqrt,410267.51013071713,0,640.52127999834408
577,sqrt,383253.93121016194,0,619.07506104685069
580,sqrt,275336.41260800243,0,524.72508288436381
583,sqrt,223934.30241570194,0,473.21697181705343
587,sqrt,668743.40991659835,0,817.76733238531745
589,sqrt,678348.34182945348,0,823.61905140025351
593,sqrt,320774.03202530416,0,566.36916584971698
595,sqrt,833489.52478812414,0,912.95647475009685
597,sqrt,947430.69831794244,0,973.36051816269105
600,sqrt,590819.88554750115,0,768.64808953610304
603,sqrt,424021.80974866578,0,651.16957065626593
605,sqrt,928377.34604128241,0,963.52340191677877
608,sqrt,638992.88196460612,0,799.37030340425213
611,sqrt,464534.26166939241,0,681.56750338421534
614,sqrt,683004.44858045864,0,826.44083186908097
619,sqrt,736578.72282756492,0,858.24164594102808
622,sqrt,345647.59448224521,0,587.91801680357207
625,sqrt,94438.696941996997,0,307.30879737162911
628,sqrt,304437.7142553142,0,551.75874642393683
632,sqrt,903637.531484643,0,950.59851224617591
635,sqrt,179798.32741358003,0,424.02632867969419
637,sqrt,227463.00955555442,0,476.93082261010812
643,sqrt,801988.76875599055,0,895.53825644468736
644,sqrt,81523.868993056574,0,285.52385012999628
648,sqrt,553620.25294288201,0,744.05661944698943
651,sqrt,698024.17715592857,0,835.47841214236564
654,sqrt,900015.81445419881,0,948.69163296310296
657,sqrt,567557.37275812926,0,753.36403734060025
661,sqrt,891571.27897442179,0,944.23052215781593
665,sqrt,259309.49473265107,0,509.22440508350644
668,sqrt,218821.19935253129,0,467.78328246371876
670,sqrt,192230.92427093923,0,438.44147188757046
674,sqrt,571767.9373615348,0,756.15338216630016
678,sqrt,575849.17678356066,0,758.84726841674842
681,sqrt,948875.0786512132,0,974.1021910719702
685,sqrt,253119.68007058822,0,503.11000792131756
689,sqrt,912718.63111854543,0,955.36308863099032
692,sqrt,687877.31853387319,0,829.38369801550425
695,sqrt,470959.17786135076,0,686.26465584448601
698,sqrt,367174.41222317662,0,605.949182871944
701,sqrt,174126.36956246998,0,417.28451871890718
704,sqrt,508934.44255750498,0,713.39641333378245
706,sqrt,82658.645001802986,0,287.50416519035508
709,sqrt,209051.13371476525,0,457.22109937618285
712,sqrt,917765.40608581016,0,958.00073386496433
715,sqrt,242345.38592485286,0,492.28587825048652
718,sqrt,632656.50083062984,0,795.39707117302726
721,sqrt,85467.339139281816,0,292.34797611627454
724,sqrt,502300.99952371966,0,708.73196592486192
727,sqrt,110759.29078282233,0,332.80518442900245
729,sqrt,12971.695987942796,0,113.89335357229058
732,sqrt,470040.83367578319,0,685.59524041214229
735,sqrt,457295.48219031485,0,676.23626210838097
737,sqrt,134855.85720114617,0,367.22725552598376
740,sqrt,582113.75157181802,0,762.96379440430724
743,sqrt,255431.69568127344,0,505.40250858229172
745,sqrt,194751.5662105621,0,441.30665779088594
747,sqrt,729618.31577633496,0,854.17698153037054
750,sqrt,328568.25851068943,0,573.20873903900792
753,sqrt,970949.83789977175,0,985.36786932585323
758,sqrt,513406.58559096162,0,716.52396023507936
761,sqrt,673511.35818722821,0,820.67737765045536
764,sqrt,321326.05759783578,0,566.85629360344569
768,sqrt,967217.48116163164,0,983.4721557632588
772,sqrt,942326.13080290006,0,970.73484062482282
775,sqrt,788061.88592004345,0,887.72849786409552
777,sqrt,529136.47004337935,0,727.41767234744805
781,sqrt,692725.11188121536,0,832.30109448517214
784,sqrt,203641.91873291211,0,451.26701489574009
788,sqrt,569004.90822829492,0,754.32414002754479
791,sqrt,701658.07777400862,0,837.65033144744154
794,sqrt,818197.14087217709,0,904.54250362941877
798,sqrt,304681.83277407987,0,551.97992062581397
800,sqrt,944563.58447630366,0,971.88661091523613
803,sqrt,317602.72061402502,0,563.56252591351836
807,sqrt,999652.56167453725,0,999.82626574547305
810,sqrt,327370.17179060308,0,572.16271443585265
813,sqrt,110309.83759754043,0,332.12924833194143
816,sqrt,171997.47962457172,0,414.72578847302435
819,sqrt,526910.37847841403,0,725.88592662925623
823,sqrt,980476.04030760122,0,990.18990113391942
825,sqrt,751316.22011390922,0,866.78499070640885
829,sqrt,440210.43615497311,0,663.48356132987431
832,sqrt,165136.14770219949,0,406.369471912199
834,sqrt,45070.457293236053,0,212.29803883511514
838,sqrt,926332.93506552593,0,962.4619135662075
841,sqrt,497162.66529486369,0,705.09762820113338
845,sqrt,911378.86494909809,0,954.66164945969103
848,sqrt,100860.90200690457,0,317.58605449059718
851,sqrt,47921.870226199637,0,218.91064438761225
854,sqrt,124664.33674017154,0,353.07837195185368
858,sqrt,496376.71385141311,0,704.54007256607701
861,sqrt,74285.775770255554,0,272.55417034097195
864,sqrt,394033.48246749741,0,627.72086349546919
867,sqrt,26010.716009140695,0,161.27838047655581
870,sqrt,384394.29122236359,0,619.99539612997421
873,sqrt,76797.281924362076,0,277.12322516231308
876,sqrt,812783.57235023589,0,901.5451027820161
879,sqrt,67727.111108073397,0,260.24432963673462
883,sqrt,252493.09982931172,0,502.48691508268325
885,sqrt,618642.6364199419,0,786.53838839559626
888,sqrt,301902.22785848455,0,549.45630204638167
890,sqrt,816679.45590421243,0,903.70319015936445
894,sqrt,636084.4088683998,0,797.5490009199433
896,sqrt,966154.17620618967,0,982.93141988960235
900,sqrt,451433.2925796404,0,671.88785714555104
904,sqrt,40480.898691392889,0,201.19865479518717
906,sqrt,183715.16604763691,0,428.62007191408679
909,sqrt,9468.5092806496141,0,97.306265372018132
911,sqrt,92324.417719792909,0,303.84933391368969
915,sqrt,756922.48140053952,0,870.01292024919928
918,sqrt,592913.98365121998,0,770.00908023946056
921,sqrt,837624.55621417856,0,915.2183106855864
924,sqrt,776070.93741585885,0,880.94888467825353
927,sqrt,255846.9904021945,0,505.81319714119212
930,sqrt,627680.94275253499,0,792.26317770835158
933,sqrt,972717.90220054018,0,986.26462077909912
936,sqrt,727503.3504715896,0,852.93806954056731
939,sqrt,778955.5734011071,0,882.58459843864659
942,sqrt,294561.50586952874,0,542.73520787721952
945,sqrt,354208.03405043297,0,595.15379025125344
948,sqrt,250390.86523875591,0,500.39071258243382
951,sqrt,448037.89790536748,0,669.35633104152191
954,sqrt,648211.47746421455,0,805.11581618063781
957,sqrt,213761.25928887699,0,462.34322671460973
960,sqrt,858155.59129592916,0,926.36687726619914
962,sqrt,593422.51608411351,0,770.3392214369677
966,sqrt,39775.435332688277,0,199.43779815443278
970,sqrt,57800.597613963029,0,240.41754847340704
973,sqrt,589728.94066759816,0,767.93810992006263
976,sqrt,219246.41183511453,0,468.23755918883154
979,sqrt,360671.4244100849,0,600.55925969889506
982,sqrt,690194.68599125021,0,830.77956522247837
985,sqrt,683645.70099815284,0,826.8287011214311
988,sqrt,290534.93345955375,0,539.01292513218436
991,sqrt,73341.852149988394,0,270.81700860542048
994,sqrt,667544.44911013113,0,817.03393387920619
997,sqrt,128528.8817068736,0,358.5092491231901
1000,sqrt,808317.93061774317,0,899.06503136188269
1003,sqrt,744796.87929218158,0,863.0161523935584
1005,sqrt,724921.85135623871,0,851.42342659586166
1008,sqrt,560512.97698586946,0,748.67414606480804
1012,sqrt,26159.61375186329,0,161.73933891253324
1014,sqrt,647785.04514437797,0,804.85094591755183
1018,sqrt,715392.46793678601,0,845.80876558285092
1022,sqrt,979217.44701570284,0,989.55416578159225
1026,sqrt,388699.26931532891,0,623.45751203697023
1028,sqrt,644525.36974689446,0,802.82337394155036
1030,sqrt,125251.19667807157,0,353.90845804822408
1034,sqrt,474084.09696123342,0,688.53765108469804
1036,sqrt,133810.84366008095,0,365.80164523971314
1039,sqrt,459869.21518404572,0,678.13657561294076
1044,sqrt,143502.32255041992,0,378.81700404076361
1047,sqrt,259856.56751700843,0,509.76128483537116
1049,sqrt,357629.4433016773,0,598.02127328522124
1052,sqrt,270275.60404978134,0,519.88037474959697
1056,sqrt,689439.34234655451,0,830.32484146059039
1058,sqrt,35533.509681539676,0,188.50334130073045
1063,sqrt,313296.36913569528,0,559.72883536199492
1066,sqrt,580059.12987484969,0,761.61613026172813
1069,sqrt,139971.17873922558,0,374.12722266526606
1072,sqrt,768664.17043922073,0,876.73494879537043
1076,sqrt,540360.3078222851,0,735.09204037473091
1080,sqrt,420204.28687571018,0,648.23166142646119
1083,sqrt,321694.55655466806,0,567.18123783731426
1086,sqrt,281105.09362572042,0,530.19344924821587
1089,sqrt,714609.3399953621,0,845.34569259881016
1092,sqrt,13513.473574909387,0,116.24746696126066
1096,sqrt,317366.69914701255,0,563.35308568162873
1099,sqrt,763888.72454825987,0,874.00727945953622
1101,sqrt,417802.59173407545,0,646.37650926845686
1104,sqrt,225274.10771423843,0,474.63049598001857
1107,sqrt,956252.97282399121,0,977.88188081382873
1110,sqrt,637161.54121158691,0,798.2239918792136
1112,sqrt,908795.65465966298,0,953.30774394193554
1116,sqrt,784087.1006324531,0,885.48692854974047
1119,sqrt,851173.10913485463,0,922.59043412277731
1122,sqrt,507617.10864519671,0,712.47253185312115
1125,sqrt,303138.37398730195,0,550.5800341342773
1127,sqrt,320868.32560262899,0,566.45240365155928
1130,sqrt,150339.87066482371,0,387.73685750109405
1134,sqrt,993099.72091290774,0,996.54388810172713
1136,sqrt,48106.249981690431,0,219.33137026355905
1138,sqrt,163213.53562511248,0,403.99695001956695
1141,sqrt,248423.9924596679,0,498.42150079994332
1145,sqrt,425896.52515319787,0,652.60748168650184
1147,sqrt,720601.99410345545,0,848.8827917347927
1151,sqrt,645039.56516568235,0,803.14355202895229
1154,sqrt,129054.18815164405,0,359.24112814604626
1157,sqrt,983557.77915326296,0,991.7448155414088
1160,sqrt,422387.22044939839,0,649.913240709403
1163,sqrt,930.64317133434793,0,30.506444750812047
1165,sqrt,812095.16197994142,0,901.16322715695708
1168,sqrt,598129.4100437233,0,773.38826603700375
1171,sqrt,696383.84167705802,0,834.49616037286717
1175,sqrt,514853.06335242389,0,717.53262180365289
1178,sqrt,761884.32925257238,0,872.85985659358425
1181,sqrt,97365.03596957933,0,312.03370966864998
1185,sqrt,47398.717142835871,0,217.71246437178527
1188,sqrt,666863.59315200604,0,816.61716437508585
1191,sqrt,681755.35940023104,0,825.68478210527235
1195,sqrt,136188.52949902133,0,369.03730095888864
1199,sqrt,903487.64237046195,0,950.5196696389097
1202,sqrt,637485.51631576591,0,798.42690104715655
1205,sqrt,999109.58917983121,0,999.55469544184086
1208,sqrt,994962.7140877744,0,997.47817724889319
1210,sqrt,379367.77911706903,0,615.92838797791183
1214,sqrt,993768.36860210705,0,996.87931496350507
1218,sqrt,286226.98373891006,0,535.00185395838594
1220,sqrt,265772.37283949245,0,515.53115603180811
1223,sqrt,677164.36568714702,0,822.89997307518911
1226,sqrt,238228.22559712775,0,488.08628908946804
1229,sqrt,820579.79598176247,0,905.85859601913728
1231,sqrt,678902.45728617779,0,823.95537335839845
1235,sqrt,701819.08460017911,0,837.74643216201116
1238,sqrt,352390.03479087446,0,593.6244897162469
1240,sqrt,883297.69848893455,0,939.83918756824278
1244,sqrt,163161.31714878089,0,403.93231753448606
1248,sqrt,106910.98936217804,0,326.972459638695
1251,sqrt,966793.86169826775,0,983.25676285407144
1254,sqrt,590611.25625891401,0,768.51236571633251
1257,sqrt,7779.6795325024777,0,88.202491645658611
1259,sqrt,165635.20037223119,0,406.98304678724787
1262,sqrt,360728.27592319384,0,600.60658997649523
1266,sqrt,656795.23372840974,0,810.42904299414749
1269,sqrt,463661.43692309048,0,680.92689543231472
1272,sqrt,298080.79794947192,0,545.96776273830665
1275,sqrt,694397.93621914519,0,833.30542793092684
1278,sqrt,290922.32835424138,0,539.37216127108502
1282,sqrt,264969.96324120526,0,514.75233194343593
1285,sqrt,43533.830386238966,0,208.64762252716653
1288,sqrt,69708.457192855509,0,264.0235921141433
1291,sqrt,5440.2561670078858,0,73.758092213721781
1294,sqrt,872754.95161385357,0,934.21354711535503
1297,sqrt,905813.98200523597,0,951.74260281088391
1301,sqrt,983039.28316928505,0,991.48337513509773
1305,sqrt,645848.07640460506,0,803.646736075376
1308,sqrt,316242.52283133595,0,562.35444590697068
1311,sqrt,193283.78855877902,0,439.64052197082452
1313,sqrt,324758.63203884318,0,569.8759795243551
1315,sqrt,672840.77081671043,0,820.26871866279919
1318,sqrt,810982.54855619825,0,900.54569487405706
1322,sqrt,540436.82375113235,0,735.14408366736677
1324,sqrt,886155.79271827545,0,941.35848257625821
1328,sqrt,993086.30572543398,0,996.53715722266668
1330,sqrt,584122.41498359421,0,764.27901644857047
1333,sqrt,600342.48044443363,0,774.81770788001074
1335,sqrt,658445.92803768697,0,811.44681158883543
1338,sqrt,845130.17970181978,0,919.3096212385791
1342,sqrt,406220.78069508792,0,637.35451727832594
1346,sqrt,288449.53403632744,0,537.07497990162176
1349,sqrt,593070.3465499006,0,770.1106066987395
1352,sqrt,791192.4770986645,0,889.49000955528697
1358,sqrt,737843.51104900055,0,858.97817844750898
1361,sqrt,235916.48510609451,0,485.7123481095519
1364,sqrt,895833.63746947132,0,946.48488496619495
1367,sqrt,768355.58267555304,0,876.55894421057224
1370,sqrt,48789.089626048793,0,220.88252449220332
1372,sqrt,11785.147334927224,0,108.55941845333929
1377,sqrt,13884.880490598638,0,117.83412277688767
1378,sqrt,226681.98531577445,0,476.11131609716489
1381,sqrt,774289.24543565838,0,879.93706902008535
1385,sqrt,462556.08477690455,0,680.11475853484058
1388,sqrt,732833.13486787141,0,856.05673577624009
1391,sqrt,697375.18076933082,0,835.08992376230412
1393,sqrt,211630.18818565877,0,460.0328120750288
1396,sqrt,617620.74810572492,0,785.88850869937323
1400,sqrt,781103.51221465378,0,883.80060659328228
1402,sqrt,822148.20104957535,0,906.72388357734098
1406,sqrt,318744.10193939344,0,564.57426609737843
1409,sqrt,821037.2260438411,0,906.11104509537961
1412,sqrt,965766.82339273987,0,982.73436054344813
1414,sqrt,984498.99381015927,0,992.21922668841648
1417,sqrt,61566.934750979621,0,248.12685213611931
1422,sqrt,939311.95193795022,0,969.18107283311622
1425,sqrt,548837.520040781,0,740.83569031248828
1428,sqrt,760831.47786178335,0,872.25654360502415
1430,sqrt,38136.222041940731,0,195.28497648805637
1433,sqrt,821599.15740039665,0,906.42107069529038
1435,sqrt,251913.86950463962,0,501.91022056204395
1439,sqrt,506092.7293256562,0,711.40194638871787
1442,sqrt,266994.18732559582,0,516.71480269641575
1444,sqrt,55149.511762154892,0,234.83933180401212
1448,sqrt,325860.01821149868,0,570.84150007817288
1450,sqrt,74463.03617663066,0,272.87916039271056
1453,sqrt,561699.58693055878,0,749.46620132635655
1457,sqrt,194609.09823021718,0,441.14521218099736
1460,sqrt,251435.78797640963,0,501.43373238784966
1463,sqrt,185546.18262041485,0,430.75071981415755
1466,sqrt,750182.86549495405,0,866.13097479246983
1468,sqrt,139689.2326300389,0,373.75022759864493
1470,sqrt,915406.04864001391,0,956.76854496791123
1473,sqrt,252554.07687644483,0,502.54758667856004
1476,sqrt,369946.25657768117,0,608.23207460448941
1479,sqrt,646935.01587508491,0,804.32270630331266
1483,sqrt,869948.71582366992,0,932.71041369959516
1487,sqrt,685125.19075469475,0,827.72289490788808
1490,sqrt,87819.69788467625,0,296.34388450696304
1493,sqrt,475231.80005640112,0,689.37058252902057
1496,sqrt,578644.49026756024,0,760.68685427550292
1500,sqrt,681589.42991144606,0,825.58429606639572
1503,sqrt,525894.5600455181,0,725.18587965122299
1506,sqrt,907266.29598610126,0,952.50527346891954
1509,sqrt,858209.11730480997,0,926.39576710216568
1513,sqrt,314107.332501547,0,560.45279239338879
1516,sqrt,580917.71931204246,0,762.17958468594691
1520,sqrt,969783.98703459161,0,984.77611010553642
1524,sqrt,852415.27172641666,0,923.26338155827273
1528,sqrt,455494.96436305775,0,674.90367043234971
1532,sqrt,543288.42465162231,0,737.0810163419095
1534,sqrt,549416.52213395212,0,741.22636362581716
1536,sqrt,537238.76281678793,0,732.96573099756029
1539,sqrt,629916.58746246703,0,793.67284662036093
1542,sqrt,379071.56542778737,0,615.68787987728604
1545,sqrt,859721.61119449686,0,927.21174021606134
1548,sqrt,378140.93889181619,0,614.93165383790108
1551,sqrt,305119.17499034456,0,552.37593628827153
1556,sqrt,590360.89645447617,0,768.34946245473236
1558,sqrt,124516.77153236627,0,352.86934059558968
1561,sqrt,115416.57449996106,0,339.73014953041928
1565,sqrt,381175.63646510296,0,617.3942309943485
1568,sqrt,663468.1741723587,0,814.53555734072086
1571,sqrt,958454.81431132625,0,979.00705529190452
1574,sqrt,292808.76649559377,0,541.11807075313402
1577,sqrt,289508.54079271812,0,538.05997880600455
1581,sqrt,567584.00668187416,0,753.381713795785
1584,sqrt,524327.54152247508,0,724.10464818455284
1587,sqrt,728665.01052404381,0,853.61877353069258
1591,sqrt,675191.53188811464,0,821.70039058534871
1594,sqrt,263717.16690073168,0,513.53399780416839
1597,sqrt,540405.22860781243,0,735.12259427105926
1600,sqrt,67465.821242635066,0,259.74183575742097
1604,sqrt,278225.53534375038,0,527.47088577830561
1609,sqrt,361779.74864482874,0,601.4812953407851
1612,sqrt,897333.40909976116,0,947.27683868009842
1616,sqrt,742573.76673625689,0,861.72719971941058
1619,sqrt,359265.64586395142,0,599.38772582023353
1623,sqrt,744099.36400439823,0,862.61194288300817
1626,sqrt,795773.48271706142,0,892.06136712507703
1628,sqrt,486257.17694926076,0,697.32143015202166
1632,sqrt,618005.12345010391,0,786.13301892879679
1634,sqrt,240518.03940663885,0,490.42638530837513
1637,sqrt,965108.17456811795,0,982.39919308197625
1639,sqrt,695906.83577316324,0,834.21030668121284
1642,sqrt,879605.66430942935,0,937.87294678406704
1645,sqrt,468034.44712257927,0,684.13043136713281
1649,sqrt,167141.92822665157,0,408.82995025640133
1651,sqrt,254796.54423757852,0,504.7737554960425
1654,sqrt,298791.65950866608,0,546.61838562992557
1657,sqrt,975540.34335551632,0,987.69445850197837
1660,sqrt,809453.5352003423,0,899.69635722300347
1664,sqrt,286048.24792063475,0,534.83478563069809
1667,sqrt,791357.99789501994,0,889.58304721651473
1672,sqrt,305857.57153338066,0,553.0439146517939
1675,sqrt,290375.71053471864,0,538.86520627585401
1678,sqrt,779994.03165117512,0,883.17270771416793
1681,sqrt,300199.60959732701,0,547.90474500347875
1683,sqrt,519477.40519166196,0,720.7478097029931
1686,sqrt,484014.60960558499,0,695.71158507357416
1689,sqrt,223301.62460012423,0,472.54801301044978
1693,sqrt,40843.317240203585,0,202.09729646930853
1696,sqrt,630500.98914506345,0,794.04092409967348
1699,sqrt,531333.88296082593,0,728.92652782075777
1702,sqrt,941770.55402890616,0,970.4486354407976
1705,sqrt,835373.92127947335,0,913.98792184550962
1710,sqrt,27383.51134801091,0,165.47964028245562
1715,sqrt,983487.14294728113,0,991.70920281465635
1718,sqrt,943041.68088574486,0,971.10333172415017
1721,sqrt,42487.286259703425,0,206.12444362496998
1724,sqrt,22362.41305519333,0,149.54067358144852
1727,sqrt,233836.87657805879,0,483.56682741691327
1729,sqrt,115864.1922721922,0,340.38829632082269
1732,sqrt,725800.21881792461,0,851.93909337341984
1735,sqrt,256911.8974786828,0,506.86477237886913
1737,sqrt,704725.58311835781,0,839.47935240740605
1741,sqrt,73961.199000831999,0,271.95808316877071
1744,sqrt,266801.88628089114,0,516.52868872976569
1747,sqrt,72071.020989578872,0,268.46046448141834
1750,sqrt,218219.81300043364,0,467.14003574991688
1753,sqrt,85532.356754026463,0,292.45915399253016
1758,sqrt,434161.56124576955,0,658.90937255875303
1761,sqrt,308523.39570081414,0,555.44882365598198
1764,sqrt,580708.45917051495,0,762.04229486985491
1768,sqrt,45758.736324709273,0,213.91291762001956
1771,sqrt,767290.18548625638,0,875.95101774371858
1774,sqrt,605281.98798589932,0,777.99870693073728
1777,sqrt,442321.85842696071,0,665.07282189769319
1779,sqrt,296922.54728021007,0,544.90599857242353
1782,sqrt,161309.65194554001,0,401.63372859552027
1785,sqrt,709403.89476054255,0,842.26117965898356
1790,sqrt,676791.78953303117,0,822.67356195093032
1793,sqrt,483011.46723961632,0,694.99026413297065
1796,sqrt,315128.65783262474,0,561.36321382205369
1799,sqrt,534250.33893689059,0,730.92430451920984
1802,sqrt,256413.68644193097,0,506.37307041541118
1805,sqrt,337523.18605893961,0,580.96745697064614
1808,sqrt,794529.49738790141,0,891.36384119387606
1813,sqrt,845247.56908002705,0,919.37346550791153
1816,sqrt,561508.87832850299,0,749.33896090387759
1818,sqrt,958707.42491281813,0,979.13606047005442
1820,sqrt,909061.13176117896,0,953.44697375427177
1823,sqrt,648784.58679116785,0,805.47165486512802
1826,sqrt,705303.70441792323,0,839.82361506326026
1829,sqrt,47373.223474660132,0,217.65390755660724
1833,sqrt,196519.52339890145,0,443.30522599998915
1835,sqrt,408469.89219221374,0,639.11649344404634
1839,sqrt,824384.75386717368,0,907.95636121301209
1842,sqrt,828469.3118853583,0,910.20289599921523
1846,sqrt,441903.20229959546,0,664.7580028097409
1848,sqrt,587138.80362682918,0,766.24983107784703
1851,sqrt,191407.51643098411,0,437.50144734730208
1853,sqrt,168953.46478321229,0,411.03949297264893
1856,sqrt,151477.49958359386,0,389.20110429390337
1859,sqrt,86478.560852937051,0,294.07237349492226
1861,sqrt,905390.47287405771,0,951.52008537605639
1865,sqrt,333044.33356557949,0,577.09993377714011
1867,sqrt,914703.54765694391,0,956.40135281007622
1870,sqrt,666264.00777091435,0,816.24996647529144
1872,sqrt,648825.26717350271,0,805.4969069918908
1874,sqrt,175283.02473739625,0,418.66815586738414
1876,sqrt,864868.6097128042,0,929.98312334837783
1880,sqrt,718930.79576018441,0,847.89786870836303
1883,sqrt,343669.88762098819,0,586.23364593051815
1886,sqrt,521829.61482710752,0,722.37775078355469
1889,sqrt,753683.74652097444,0,868.14961067835213
1891,sqrt,555513.05915862974,0,745.32748450505278
1894,sqrt,594107.89487177203,0,770.78394824475424
1897,sqrt,160753.96511881755,0,400.94134872674027
1900,sqrt,245604.78281637846,0,495.58529318007254
1903,sqrt,471416.07875225641,0,686.59746486005645
1906,sqrt,394532.72341939865,0,628.11839920463933
1909,sqrt,234316.02110610224,0,484.06200130365761
1912,sqrt,248264.96940160519,0,498.2619485788627
1915,sqrt,981321.07308009616,0,990.61651161289262
1918,sqrt,285422.48272899352,0,534.24945739700433
1922,sqrt,327252.45460089279,0,572.05983480829411
1925,sqrt,488163.47242885991,0,698.68696311643021
1927,sqrt,632378.28125251411,0,795.22215842650792
1930,sqrt,118265.41418232497,0,343.89738903097964
1933,sqrt,63140.113285719948,0,251.27696529073242
1936,sqrt,723980.71417315025,0,850.87056252590514
1939,sqrt,103538.24119613967,0,321.7735868528361
1942,sqrt,647888.98412025464,0,804.91551365360988
1945,sqrt,355864.89186793979,0,596.54412399079058
1949,sqrt,802866.69742800691,0,896.02829052882419
1952,sqrt,842407.15999775473,0,917.82741296921108
1954,sqrt,285879.47577985266,0,534.67698265387548
1957,sqrt,336019.58167795918,0,579.67196040343299
1960,sqrt,476562.9515559377,0,690.33539062975592
1962,sqrt,843615.48351084336,0,918.48542912277242
1965,sqrt,572700.73543790181,0,756.76993560652352
1968,sqrt,212977.9373624865,0,461.4953275630063
1970,sqrt,793188.68323246227,0,890.61140978120318
1973,sqrt,995209.70601621794,0,997.60197775275981
1976,sqrt,976239.19785795349,0,988.04817587906791
1980,sqrt,215141.56572708712,0,463.83355390386225
1983,sqrt,257878.26740506064,0,507.81715942360654
1986,sqrt,893519.6230974982,0,945.26166911469454
1989,sqrt,776606.54273694835,0,881.25282566182352
1992,sqrt,814829.47073362174,0,902.67905189697501
1994,sqrt,798723.3727703148,0,893.71324974530546
1998,sqrt,34964.212203591946,0,186.98719796711202
2001,sqrt,809143.17573567294,0,899.52386057050921
2004,sqrt,167063.42711944346,0,408.73393194038033
2008,sqrt,838325.08259268571,0,915.60094069014895
2013,sqrt,414917.99603292404,0,644.1412857696082
2016,sqrt,859368.08754613402,0,927.02108257910402
2019,sqrt,763317.25001851248,0,873.68029050592213
2022,sqrt,863882.63923401083,0,929.45287090524971
2025,sqrt,353223.34556873195,0,594.32595902310368
2028,sqrt,120017.33807276387,0,346.43518596234401
2031,sqrt,76199.008511936889,0,276.04167893986028
2035,sqrt,699612.58491873753,0,836.4284696964454
2039,sqrt,964300.36768650101,0,981.98796718009794
2042,sqrt,926510.74952453817,0,962.5542839365155
2046,sqrt,996614.79561459599,0,998.30596292649477
2048,sqrt,609423.93482647976,0,780.65609254426477
2051,sqrt,200849.02209185692,0,448.16182578601774
2054,sqrt,381230.44939961011,0,617.43861994501935
2057,sqrt,615515.72934139404,0,784.54810517991439
2062,sqrt,829937.53387124906,0,911.00907452738863
2069,sqrt,786526.69549415226,0,886.86340295118293
2072,sqrt,256440.49996288915,0,506.39954577674058
2075,sqrt,102945.11417531257,0,320.85061037079635
2078,sqrt,674596.37782000948,0,821.33816289029789
2080,sqrt,713107.82018694305,0,844.45711565889656
2083,sqrt,863963.64802957152,0,929.49644863741764
2086,sqrt,391582.48915494041,0,625.76552250418877
2089,sqrt,64816.818056059601,0,254.59147286596149
2092,sqrt,69813.918185944392,0,264.22323551486608
2095,sqrt,99299.628263486418,0,315.11843529613816
2097,sqrt,187104.99046819832,0,432.55634369200772
2100,sqrt,27398.807575770094,0,165.52585168417076
2102,sqrt,886694.87889178877,0,941.64477319835885
2105,sqrt,942019.65245459357,0,970.57696884615677
2107,sqrt,116412.19720755646,0,341.19231704063395
2110,sqrt,947799.4299528976,0,973.54991138251228
2112,sqrt,560538.06767061085,0,748.69090262311249
2117,sqrt,204077.19028510063,0,451.7490346255326
2120,sqrt,797542.51344235905,0,893.05235761536346
2123,sqrt,143464.01253621851,0,378.76643533478318
2126,sqrt,829151.42181559466,0,910.57752103574057
2129,sqrt,346173.54757070681,0,588.36514816116255
2131,sqrt,385464.41042431979,0,620.85780209667962
2136,sqrt,399625.00218080252,0,632.15900071169006
2139,sqrt,605327.90011384746,0,778.02821292922761
2142,sqrt,52068.011824718385,0,228.18416208124171
2145,sqrt,772772.17872954719,0,879.07461499553449
2148,sqrt,218037.0754480605,0,466.94440295185092
2151,sqrt,924663.88537906832,0,961.59444953632521
2153,sqrt,58808.750513567626,0,242.5051556432721
2156,sqrt,697047.92923277849,0,834.8939628676078
2160,sqrt,832519.86999564839,0,912.4252681703025
2163,sqrt,833035.68563926569,0,912.70788625894193
2166,sqrt,334517.7300617026,0,578.37507731722212
2171,sqrt,72147.876642215648,0,268.60356781363805
2175,sqrt,921794.79002321768,0,960.10144777685741
2178,sqrt,299912.62626390834,0,547.64279075315903
2183,sqrt,781012.72857959382,0,883.74924530637861
2186,sqrt,655178.24472677882,0,809.43081528119421
2189,sqrt,302809.01200985792,0,550.28084830371654
2191,sqrt,991930.14447570581,0,995.95689890461915
2194,sqrt,96750.462628210604,0,311.04736396280646
2197,sqrt,386996.05421623768,0,622.09006921525258
2199,sqrt,176843.26203576513,0,420.52736181580997
2203,sqrt,663272.73239049048,0,814.41557720275125
2206,sqrt,862445.34655749507,0,928.67935615986164
2210,sqrt,704851.94413691259,0,839.55461057450725
2213,sqrt,402136.43966357491,0,634.14228660733147
2216,sqrt,546405.79259561037,0,739.19266270412231
2219,sqrt,18326.908759542213,0,135.37691368746081
2222,sqrt,611750.81909959891,0,782.14501155450637
2225,sqrt,208408.16019853984,0,456.5174259527667
2228,sqrt,229133.17022500568,0,478.6785667073529
2231,sqrt,23181.015129962256,0,152.25312847348081
2234,sqrt,857133.54160353215,0,925.81506879264612
2236,sqrt,367083.75367967493,0,605.87437120221125
2241,sqrt,77125.844833873925,0,277.7154025866659
2244,sqrt,219873.60601705912,0,468.90682018612091
2247,sqrt,20684.479997434722,0,143.82099984854341
2250,sqrt,115579.67334242523,0,339.97010654236237
2253,sqrt,500742.26203187468,0,707.63144505588127
2255,sqrt,976939.00970355817,0,988.40225096038614
2258,sqrt,122230.21875811931,0,349.61438579972554
2260,sqrt,222738.68259585067,0,471.95199183375706
2263,sqrt,561217.39179254801,0,749.14443987294464
2267,sqrt,420823.23278118129,0,648.70889679515051
2268,sqrt,709686.35709245619,0,842.42884393428517
2271,sqrt,438205.46518990118,0,661.97089451871011
2273,sqrt,922281.05935124541,0,960.35465290237721
2277,sqrt,20118.354849785832,0,141.83918658038698
2281,sqrt,611639.97313941305,0,782.07414810835746
2284,sqrt,770594.58484706713,0,877.83516952048979
2287,sqrt,242484.42168903054,0,492.42707245746607
2290,sqrt,877985.66933980142,0,937.00889501637141
2292,sqrt,954582.49943885359,0,977.02737906307084
2296,sqrt,430416.19732074888,0,656.06112315907649
2299,sqrt,285180.39569852414,0,534.0228419258151
2303,sqrt,703450.09396986477,0,838.71931775169264
2306,sqrt,741242.41299750574,0,860.95436173905625
2309,sqrt,393918.78174392442,0,627.62949400416517
2312,sqrt,999087.63048627798,0,999.54371114337869
2314,sqrt,667449.73949264211,0,816.97597240839468
2318,sqrt,751706.81800352153,0,867.01027560434454
2321,sqrt,883990.35903092322,0,940.20761485478477
2324,sqrt,607934.53752488294,0,779.70156952829268
2327,sqrt,654370.9167240886,0,808.93196050353242
2330,sqrt,610097.08320227382,0,781.08711626954505
2333,sqrt,73570.546356119739,0,271.23891010715948
2336,sqrt,484044.8117440028,0,695.73329066820054
2339,sqrt,580051.62700714555,0,761.61120462290046
2343,sqrt,360990.32361173088,0,600.8247028973849
2346,sqrt,132633.67318021442,0,364.18906241156452
2349,sqrt,181088.40718372361,0,425.54483569152103
2352,sqrt,928436.5638422966,0,963.55413124655149
2356,sqrt,614156.08513557422,0,783.68111189154877
2360,sqrt,465151.93407261098,0,682.02047921789779
2363,sqrt,454347.79677929223,0,674.05325960141477
2367,sqrt,331738.96064126387,0,575.96784688145908
2370,sqrt,823350.0058267751,0,907.38635973149553
2373,sqrt,575240.26943143352,0,758.44595682977535
2376,sqrt,142460.81364732498,0,377.43981460270584
2380,sqrt,531199.36241438054,0,728.83424893070207
2383,sqrt,480791.51946090901,0,693.39131769939911
2386,sqrt,662724.87664452964,0,814.07915870910836
2388,sqrt,75788.219194763951,0,275.29660222161107
2391,sqrt,332862.64759110537,0,576.94249938022881
2394,sqrt,392382.60164422897,0,626.40450321196522
2397,sqrt,220423.29722658673,0,469.49259549708205
2401,sqrt,244878.31146052675,0,494.85180757528485
2403,sqrt,726889.31147050951,0,852.57803834634956
2406,sqrt,248017.29520513225,0,498.01334842063443
2409,sqrt,905027.51846893306,0,951.32934279824099
2412,sqrt,876313.17000131344,0,936.11600242775114
2416,sqrt,934590.52479184687,0,966.74222251427852
2419,sqrt,890252.12341705966,0,943.53172888730126
2422,sqrt,107508.21774322409,0,327.88445791654124
2425,sqrt,205650.66735923098,0,453.48722954371163
2428,sqrt,43306.999706288967,0,208.10333900802496
2430,sqrt,463028.15133142425,0,680.46171922557426
2433,sqrt,197064.82103304929,0,443.91983626894762
2435,sqrt,866034.65310451994,0,930.60982860945535
2438,sqrt,879184.67179717089,0,937.64847986714665
2441,sqrt,912941.83702681225,0,955.47989880834871
2444,sqrt,937948.31046212849,0,968.47731540915731
2447,sqrt,249165.88174407123,0,499.16518482769931
2450,sqrt,184899.98251659452,0,429.99997967045829
2452,sqrt,844445.02087584184,0,918.93689711309435
2455,sqrt,486966.71257548087,0,697.83000263350732
2458,sqrt,355183.86447427253,0,595.97304005657213
2462,sqrt,554891.92564301821,0,744.91068299697395
2465,sqrt,684090.75889748137,0,827.09779282590364
2469,sqrt,768347.13600806682,0,876.55412611433576
2473,sqrt,45743.528770777957,0,213.8773685334144
2475,sqrt,940804.6606694751,0,969.95085477021723
2478,sqrt,533130.30445659941,0,730.15772573917161
2481,sqrt,927318.94205166423,0,962.9740090218761
2484,sqrt,790371.16377981438,0,889.02821315176175
2487,sqrt,637727.15896058746,0,798.57821092275458
2490,sqrt,975407.65228553535,0,987.62728409331385
2492,sqrt,584959.31097098591,0,764.82632732600541
2496,sqrt,103692.07595723012,0,322.01254006207603
2500,sqrt,126325.45535065135,0,355.42292462733934
2503,sqrt,49035.200680866976,0,221.43893217062572
2507,sqrt,22862.945146913455,0,151.20497725575521
2510,sqrt,798379.0569653,0,893.52059683327946
2515,sqrt,749575.86095708469,0,865.78049236344236
2518,sqrt,92312.621650961446,0,303.82992224427375
2521,sqrt,605775.14427409554,0,778.31558141546645
2524,sqrt,428953.24478170479,0,654.94522273370683
2528,sqrt,124473.48744002545,0,352.80800365074691
2531,sqrt,645712.16289102915,0,803.56217114236358
2535,sqrt,621793.69867976778,0,788.53896459196471
2538,sqrt,715986.73037097987,0,846.159991001099
2540,sqrt,462611.64324800944,0,680.15560223231967
2543,sqrt,861687.37071961793,0,928.27117305215177
2546,sqrt,612440.16769173765,0,782.58556573178475
2548,sqrt,677831.82729315641,0,823.30542770781994
2551,sqrt,791190.04709550878,0,889.48864360120342
2553,sqrt,55152.227204690047,0,234.84511322292838
2555,sqrt,882504.46313780756,0,939.4170868883574
2558,sqrt,355679.79098802997,0,596.38895947865262
2561,sqrt,311695.08378968103,0,558.29659123953195
2563,sqrt,931167.64166978013,0,964.97028020026619
2565,sqrt,64029.114461254117,0,253.03974877725065
2567,sqrt,28681.768289671185,0,169.35692572100848
2572,sqrt,451102.55280713202,0,671.64168483435571
2575,sqrt,63535.807231689651,0,252.06310168624373
2578,sqrt,678312.12933231762,0,823.59706734077042
2581,sqrt,908138.0031783086,0,952.96275015254855
2584,sqrt,353606.32465904369,0,594.64806790154773
2588,sqrt,899917.14906423143,0,948.63963076830782
2591,sqrt,937779.10764176457,0,968.38995639244661
2594,sqrt,325084.52817772521,0,570.16184384587257
2597,sqrt,112108.15990591665,0,334.82556638631502
2601,sqrt,354420.5410390101,0,595.33229463805344
2604,sqrt,584236.17589892598,0,764.35343650625782
2608,sqrt,955092.90249229502,0,977.28854617881154
2610,sqrt,738040.43002831948,0,859.09279477150744
2614,sqrt,6129.1710271778438,0,78.289022392528594
2619,sqrt,60278.036916072713,0,245.51585878731481
2623,sqrt,179148.24127168293,0,423.25907110383696
2627,sqrt,807543.27564648003,0,898.63411667178536
2630,sqrt,360183.88838739338,0,600.15322075899371
2633,sqrt,765960.0735715169,0,875.19144966773808
2635,sqrt,735740.23991421098,0,857.75301801521573
2638,sqrt,338865.08843658422,0,582.12119737781768
2641,sqrt,151659.3784819612,0,389.43469090716764
2645,sqrt,384106.99313984456,0,619.76365909905087
2647,sqrt,591817.59394073673,0,769.29681784129116
2652,sqrt,635294.25006378966,0,797.05348005249289
2654,sqrt,951832.31011939747,0,975.61893694177411
2656,sqrt,697318.39824474312,0,835.05592521982805
2659,sqrt,955758.64627034299,0,977.62909442709554
2662,sqrt,527580.603531759,0,726.34743995677377
2666,sqrt,593897.46023957129,0,770.64742926942358
2669,sqrt,602867.5324780707,0,776.44544720029796
2673,sqrt,852400.94407063723,0,923.25562227946239
2677,sqrt,368669.99022153573,0,607.18200749160519
2680,sqrt,628134.41780237854,0,792.54931569106702
2684,sqrt,842955.87161827309,0,918.12628304513373
2689,sqrt,601974.58855164226,0,775.87021372884408
2692,sqrt,527362.70107599522,0,726.19742568808056
2696,sqrt,494305.1478378796,0,703.0683806272898
2700,sqrt,492332.76935373916,0,701.66428536283581
2703,sqrt,632931.79634437384,0,795.57010774938863
2707,sqrt,998343.32571455126,0,999.17131950159137
2710,sqrt,223220.57485180444,0,472.46224701218659
2713,sqrt,480983.93057672732,0,693.53005023338915
2716,sqrt,237715.29620473107,0,487.56055644886931
2719,sqrt,491257.24176571774,0,700.89745452934676
2722,sqrt,891554.21191308415,0,944.22148456444484
2725,sqrt,610865.43174143613,0,781.57880712148028
2728,sqrt,728287.0416895157,0,853.39735275516045
2731,sqrt,274863.00337616913,0,524.27378665747642
2734,sqrt,638751.47218405653,0,799.2192891716619
2736,sqrt,527069.53219159064,0,725.99554557282966
2740,sqrt,534641.39006622974,0,731.19176011921093
2743,sqrt,588410.43440878834,0,767.07915785060175
2746,sqrt,235261.04596463428,0,485.03715936475862
2750,sqrt,642450.74369746842,0,801.53025126782859
2753,sqrt,851677.16620727663,0,922.86356857732585
2756,sqrt,767424.8185528348,0,876.02786402764309
2758,sqrt,844627.02238399349,0,919.03592007276484
2761,sqrt,203445.51523914665,0,451.0493490064548
2764,sqrt,811326.40479632269,0,900.73659012850294
2767,sqrt,345411.86021768331,0,587.7175003500264
2769,sqrt,595690.88848365925,0,771.81013758803351
2772,sqrt,134984.71565022477,0,367.40266146317555
2776,sqrt,133160.37171825758,0,364.9114573677532
2778,sqrt,731825.02858873096,0,855.46772504211458
2781,sqrt,341696.89482646866,0,584.54845378845084
2783,sqrt,316565.10005008709,0,562.64118232678902
2786,sqrt,888329.98296928895,0,942.51259035054215
2789,sqrt,982473.98945331841,0,991.19825940793419
2792,sqrt,344619.55795968499,0,587.04306312202084
2795,sqrt,988635.73358682182,0,994.30163108928969
2798,sqrt,899365.85508747643,0,948.34901544076922
2801,sqrt,813343.92029018956,0,901.8558201232554
2804,sqrt,58147.401429707184,0,241.13772295040687
2807,sqrt,371133.92909543059,0,609.20762396364557
2810,sqrt,437917.08638603083,0,661.75304033002431
2813,sqrt,568213.635814582,0,753.79946657886535
2816,sqrt,72241.7170906057,0,268.77819310838015
2819,sqrt,232208.13591943428,0,481.8797940559806
2822,sqrt,903952.50269658037,0,950.76416776011308
2824,sqrt,435717.14703440835,0,660.08874178735118
2828,sqrt,569186.38387089665,0,754.44442066390593
2831,sqrt,169138.45545201507,0,411.26445926193901
2834,sqrt,120055.93897876804,0,346.49089306757838
2837,sqrt,90334.108592835357,0,300.55633181291552
2842,sqrt,426633.44161059719,0,653.17183161140463
2846,sqrt,21899.596486075814,0,147.98512251600096
2849,sqrt,250414.05589135017,0,500.41388459089558
2850,sqrt,292400.13473018305,0,540.74035796321232
2853,sqrt,132028.63092683168,0,363.35744237160145
2856,sqrt,200705.43286343064,0,448.00159917508176
2859,sqrt,475377.33237502957,0,689.47612893778239
2862,sqrt,177282.17944502429,0,421.04890386393868
2865,sqrt,967488.25183780841,0,983.60980670071012
2868,sqrt,664920.89353391551,0,815.42681678610222
2870,sqrt,743849.63510585588,0,862.46717914704197
2873,sqrt,751648.46607476892,0,866.97662371875344
2878,sqrt,627785.12768185791,0,792.32892644523452
2881,sqrt,817584.51142998785,0,904.20379972105172
2883,sqrt,912506.14914733812,0,955.2518773325379
2887,sqrt,51967.602295644567,0,227.96403728580648
2889,sqrt,911948.33018827077,0,954.95985789365557
2892,sqrt,612432.85953341809,0,782.58089647870793
2895,sqrt,358483.89759660157,0,598.73524833318572
2898,sqrt,906209.56383920717,0,951.95039988394728
2900,sqrt,435468.02212537162,0,659.90000918727958
2903,sqrt,321234.48696437612,0,566.77551725914918
2905,sqrt,420307.66778220685,0,648.31139723300168
2908,sqrt,386333.96015533572,0,621.55768851759501
2911,sqrt,953267.19832113106,0,976.35403328973405
2913,sqrt,468181.60070261784,0,684.23797081323823
2915,sqrt,23021.135481136229,0,151.72717449796602
2917,sqrt,513725.17805623694,0,716.74624383824778
2919,sqrt,921644.54024521518,0,960.02319776410366
2920,sqrt,324360.675411248,0,569.52671176271269
2922,sqrt,107548.04764711369,0,327.94519000453977
2924,sqrt,420823.44225236308,0,648.70905824750366
2926,sqrt,851155.23349084705,0,922.58074632567912
2928,sqrt,394377.32841363421,0,627.99468820495144
2930,sqrt,547427.65189337032,0,739.88353941236608
2932,sqrt,994542.19649945793,0,997.26736460161874
2934,sqrt,976929.83050999418,0,988.39760749912489
2937,sqrt,941987.24745319912,0,970.56027502324605
2939,sqrt,530907.58133249835,0,728.63405172452542
2941,sqrt,948273.52075712208,0,973.79336656044336
2943,sqrt,191955.54360105173,0,438.12731437454539
2945,sqrt,144127.18380970476,0,379.64086161753551
2947,sqrt,958992.71644048963,0,979.2817349672614
2948,sqrt,381606.70054056897,0,617.74323188568326
2950,sqrt,564390.93240533036,0,751.25956393601427
2952,sqrt,682959.63664383802,0,826.41372002395872
2954,sqrt,661571.46216359385,0,813.37043354402419
2956,sqrt,281581.59260991914,0,530.64262230800796
2958,sqrt,471457.99392886518,0,686.62798801743088
2960,sqrt,464727.163233392,0,681.70900187205393
2962,sqrt,189682.64798851585,0,435.52571449745176
2964,sqrt,683883.51090451714,0,826.97249706656942
2966,sqrt,899370.18052621756,0,948.35129594798229
2968,sqrt,768042.39950566238,0,876.38028247197713
2970,sqrt,516869.96074741334,0,718.93668757924252
2971,sqrt,643127.41756547999,0,801.95225391882275
2972,sqrt,366645.28467913711,0,605.51241496697412
2973,sqrt,997290.29610808007,0,998.64422899653312
2974,sqrt,945575.38107837294,0,972.40700382009436
2975,sqrt,897908.02420523157,0,947.5800885440932
2976,sqrt,527129.21861780412,0,726.03665101550087
2977,sqrt,543571.59848153824,0,737.27308270513868
2978,sqrt,964505.21421471168,0,982.09226359579463
2979,sqrt,928039.64512373926,0,963.34814326064861
2980,sqrt,937796.51575876051,0,968.39894452583974
2981,sqrt,210209.40399867744,0,458.48599106044389
2982,sqrt,493408.43156310357,0,702.43037488643927
2983,sqrt,798836.49186743726,0,893.77653351799142
2984,sqrt,331846.37465393811,0,576.06108587018628
2985,sqrt,857301.0850271344,0,925.90554865338959
2986,sqrt,332231.40097026911,0,576.39517778193556
2987,sqrt,811999.8312595071,0,901.11033245630199
2988,sqrt,660421.9204412814,0,812.66347305713293
2989,sqrt,158601.50070732247,0,398.24803917574093
2990,sqrt,442692.01191911317,0,665.35104412566545
2991,sqrt,26756.861824684496,0,163.57524820303496
2992,sqrt,64311.760157376535,0,253.59763436865205
2993,sqrt,112066.92967712061,0,334.76399101026476
2994,sqrt,422568.48522768309,0,650.05267880971235
2995,sqrt,559064.53085874859,0,747.70617949750056
2996,sqrt,848716.08212414943,0,921.25788035932123
2997,sqrt,918667.70620206883,0,958.47154689227409
2998,sqrt,15647.207589393316,0,125.08879881665391
2999,sqrt,292584.29008525918,0,540.9106119177726
3000,sqrt,270985.9635063188,0,520.56312153889542
